code,system
4983,gprdproduct
28177,gprdproduct
3526,gprdproduct
48079,gprdproduct
12517,gprdproduct
50370,gprdproduct
41556,gprdproduct
46525,gprdproduct
59412,gprdproduct
34012,gprdproduct
1788,gprdproduct
46792,gprdproduct
40907,gprdproduct
23456,gprdproduct
18973,gprdproduct
43523,gprdproduct
53674,gprdproduct
16786,gprdproduct
4034,gprdproduct
49752,gprdproduct
24632,gprdproduct
51720,gprdproduct
60149,gprdproduct
13352,gprdproduct
54329,gprdproduct
47018,gprdproduct
33837,gprdproduct
11487,gprdproduct
53508,gprdproduct
56296,gprdproduct
31773,gprdproduct
4211,gprdproduct
15457,gprdproduct
47844,gprdproduct
48099,gprdproduct
38459,gprdproduct
40898,gprdproduct
56760,gprdproduct
923,gprdproduct
56804,gprdproduct
15135,gprdproduct
1520,gprdproduct
51652,gprdproduct
542,gprdproduct
11156,gprdproduct
28129,gprdproduct
4796,gprdproduct
3701,gprdproduct
2612,gprdproduct
18267,gprdproduct
60258,gprdproduct
18726,gprdproduct
10323,gprdproduct
34296,gprdproduct
18733,gprdproduct
41517,gprdproduct
39807,gprdproduct
39021,gprdproduct
21423,gprdproduct
15874,gprdproduct
52366,gprdproduct
17143,gprdproduct
51983,gprdproduct
8052,gprdproduct
21182,gprdproduct
41074,gprdproduct
38901,gprdproduct
35789,gprdproduct
41719,gprdproduct
62024,gprdproduct
46916,gprdproduct
18263,gprdproduct
31150,gprdproduct
46687,gprdproduct
9456,gprdproduct
12651,gprdproduct
23427,gprdproduct
27946,gprdproduct
47573,gprdproduct
40886,gprdproduct
14283,gprdproduct
19142,gprdproduct
10214,gprdproduct
33415,gprdproduct
27520,gprdproduct
36190,gprdproduct
29991,gprdproduct
211,gprdproduct
4332,gprdproduct
10066,gprdproduct
23134,gprdproduct
54341,gprdproduct
33527,gprdproduct
692,gprdproduct
47727,gprdproduct
30773,gprdproduct
4161,gprdproduct
52189,gprdproduct
2772,gprdproduct
7351,gprdproduct
39227,gprdproduct
55777,gprdproduct
34324,gprdproduct
46355,gprdproduct
34613,gprdproduct
924,gprdproduct
11133,gprdproduct
56157,gprdproduct
42906,gprdproduct
11641,gprdproduct
41630,gprdproduct
29529,gprdproduct
8521,gprdproduct
34899,gprdproduct
47467,gprdproduct
34367,gprdproduct
12294,gprdproduct
55259,gprdproduct
18743,gprdproduct
18903,gprdproduct
37978,gprdproduct
58225,gprdproduct
62249,gprdproduct
31375,gprdproduct
34602,gprdproduct
2493,gprdproduct
60354,gprdproduct
11519,gprdproduct
49529,gprdproduct
46930,gprdproduct
34124,gprdproduct
9178,gprdproduct
26219,gprdproduct
45078,gprdproduct
60465,gprdproduct
1060,gprdproduct
61846,gprdproduct
31820,gprdproduct
5721,gprdproduct
34551,gprdproduct
11268,gprdproduct
46952,gprdproduct
33083,gprdproduct
34059,gprdproduct
9935,gprdproduct
2002,gprdproduct
9223,gprdproduct
58,gprdproduct
4873,gprdproduct
1124,gprdproduct
54316,gprdproduct
42142,gprdproduct
1721,gprdproduct
27957,gprdproduct
55358,gprdproduct
27256,gprdproduct
34750,gprdproduct
51258,gprdproduct
8897,gprdproduct
26256,gprdproduct
25382,gprdproduct
31670,gprdproduct
33651,gprdproduct
1369,gprdproduct
57908,gprdproduct
43508,gprdproduct
34280,gprdproduct
9431,gprdproduct
33658,gprdproduct
2,gprdproduct
18361,gprdproduct
56,gprdproduct
25965,gprdproduct
14587,gprdproduct
41572,gprdproduct
10902,gprdproduct
17252,gprdproduct
18332,gprdproduct
34803,gprdproduct
20426,gprdproduct
1301,gprdproduct
53220,gprdproduct
2389,gprdproduct
31529,gprdproduct
43516,gprdproduct
27689,gprdproduct
20066,gprdproduct
4182,gprdproduct
60343,gprdproduct
37725,gprdproduct
34347,gprdproduct
34908,gprdproduct
8602,gprdproduct
40149,gprdproduct
20057,gprdproduct
37294,gprdproduct
35196,gprdproduct
7806,gprdproduct
32166,gprdproduct
37908,gprdproduct
193,gprdproduct
26217,gprdproduct
41533,gprdproduct
22923,gprdproduct
11338,gprdproduct
1213,gprdproduct
46302,gprdproduct
1209,gprdproduct
46674,gprdproduct
55738,gprdproduct
56975,gprdproduct
43514,gprdproduct
4068,gprdproduct
605,gprdproduct
56204,gprdproduct
34034,gprdproduct
5249,gprdproduct
10422,gprdproduct
19258,gprdproduct
41706,gprdproduct
34825,gprdproduct
2179,gprdproduct
32094,gprdproduct
708,gprdproduct
46990,gprdproduct
9783,gprdproduct
14738,gprdproduct
19195,gprdproduct
53253,gprdproduct
3517,gprdproduct
31013,gprdproduct
19056,gprdproduct
18650,gprdproduct
11265,gprdproduct
13246,gprdproduct
13525,gprdproduct
49268,gprdproduct
2961,gprdproduct
19055,gprdproduct
51933,gprdproduct
6815,gprdproduct
60603,gprdproduct
32837,gprdproduct
34449,gprdproduct
1288,gprdproduct
31708,gprdproduct
12547,gprdproduct
6437,gprdproduct
581,gprdproduct
25494,gprdproduct
24268,gprdproduct
11864,gprdproduct
24484,gprdproduct
16060,gprdproduct
43184,gprdproduct
59616,gprdproduct
19352,gprdproduct
41861,gprdproduct
4406,gprdproduct
8303,gprdproduct
26220,gprdproduct
44168,gprdproduct
7734,gprdproduct
25500,gprdproduct
14761,gprdproduct
4605,gprdproduct
39447,gprdproduct
26292,gprdproduct
20538,gprdproduct
12360,gprdproduct
24008,gprdproduct
12926,gprdproduct
30913,gprdproduct
8147,gprdproduct
24832,gprdproduct
62066,gprdproduct
8058,gprdproduct
41885,gprdproduct
17149,gprdproduct
24893,gprdproduct
2833,gprdproduct
43322,gprdproduct
19890,gprdproduct
17462,gprdproduct
15108,gprdproduct
57488,gprdproduct
55889,gprdproduct
48132,gprdproduct
10316,gprdproduct
11526,gprdproduct
787,gprdproduct
7136,gprdproduct
7709,gprdproduct
12367,gprdproduct
61502,gprdproduct
7543,gprdproduct
10627,gprdproduct
18287,gprdproduct
1211,gprdproduct
60020,gprdproduct
7582,gprdproduct
23505,gprdproduct
20431,gprdproduct
5112,gprdproduct
8102,gprdproduct
33659,gprdproduct
13871,gprdproduct
1776,gprdproduct
18606,gprdproduct
46675,gprdproduct
8369,gprdproduct
4429,gprdproduct
20093,gprdproduct
17960,gprdproduct
11384,gprdproduct
15811,gprdproduct
8836,gprdproduct
41828,gprdproduct
10392,gprdproduct
41405,gprdproduct
25334,gprdproduct
3248,gprdproduct
57539,gprdproduct
39137,gprdproduct
6359,gprdproduct
38995,gprdproduct
61365,gprdproduct
49388,gprdproduct
57933,gprdproduct
56274,gprdproduct
54120,gprdproduct
13264,gprdproduct
58077,gprdproduct
50079,gprdproduct
46948,gprdproduct
34374,gprdproduct
46699,gprdproduct
26529,gprdproduct
6,gprdproduct
34006,gprdproduct
34557,gprdproduct
27690,gprdproduct
19192,gprdproduct
25717,gprdproduct
27447,gprdproduct
32896,gprdproduct
60291,gprdproduct
59911,gprdproduct
27696,gprdproduct
56375,gprdproduct
41292,gprdproduct
2982,gprdproduct
59884,gprdproduct
59290,gprdproduct
32918,gprdproduct
27926,gprdproduct
54825,gprdproduct
55399,gprdproduct
59030,gprdproduct
18200,gprdproduct
56244,gprdproduct
19194,gprdproduct
61475,gprdproduct
7441,gprdproduct
58757,gprdproduct
52887,gprdproduct
53967,gprdproduct
5189,gprdproduct
59939,gprdproduct
4258,gprdproduct
21231,gprdproduct
4705,gprdproduct
6118,gprdproduct
7799,gprdproduct
1021,gprdproduct
7618,gprdproduct
54201,gprdproduct
31548,gprdproduct
30625,gprdproduct
61025,gprdproduct
33353,gprdproduct
8189,gprdproduct
55,gprdproduct
35380,gprdproduct
56051,gprdproduct
14126,gprdproduct
57600,gprdproduct
4044,gprdproduct
57610,gprdproduct
35162,gprdproduct
6468,gprdproduct
4661,gprdproduct
29780,gprdproduct
47815,gprdproduct
57104,gprdproduct
36767,gprdproduct
34934,gprdproduct
55548,gprdproduct
5218,gprdproduct
2495,gprdproduct
31932,gprdproduct
32091,gprdproduct
39602,gprdproduct
814,gprdproduct
45305,gprdproduct
7606,gprdproduct
10781,gprdproduct
5868,gprdproduct
14837,gprdproduct
9680,gprdproduct
26248,gprdproduct
31470,gprdproduct
15052,gprdproduct
7991,gprdproduct
38367,gprdproduct
37650,gprdproduct
48039,gprdproduct
7641,gprdproduct
3056,gprdproduct
7698,gprdproduct
8526,gprdproduct
2979,gprdproduct
52937,gprdproduct
61000,gprdproduct
42488,gprdproduct
14109,gprdproduct
12946,gprdproduct
5728,gprdproduct
42388,gprdproduct
29634,gprdproduct
43915,gprdproduct
25505,gprdproduct
31131,gprdproduct
2046,gprdproduct
26275,gprdproduct
5727,gprdproduct
4334,gprdproduct
1170,gprdproduct
2255,gprdproduct
50607,gprdproduct
7961,gprdproduct
12110,gprdproduct
8464,gprdproduct
53812,gprdproduct
45916,gprdproduct
14228,gprdproduct
12546,gprdproduct
28157,gprdproduct
16498,gprdproduct
8987,gprdproduct
22912,gprdproduct
12054,gprdproduct
23131,gprdproduct
4540,gprdproduct
37747,gprdproduct
57796,gprdproduct
55160,gprdproduct
52858,gprdproduct
764,gprdproduct
6877,gprdproduct
18497,gprdproduct
5220,gprdproduct
44254,gprdproduct
25730,gprdproduct
11351,gprdproduct
11561,gprdproduct
25363,gprdproduct
8623,gprdproduct
23091,gprdproduct
21911,gprdproduct
39147,gprdproduct
39242,gprdproduct
9764,gprdproduct
17655,gprdproduct
16206,gprdproduct
21938,gprdproduct
3793,gprdproduct
34622,gprdproduct
47647,gprdproduct
12318,gprdproduct
30875,gprdproduct
6816,gprdproduct
59834,gprdproduct
52045,gprdproduct
54679,gprdproduct
33724,gprdproduct
16632,gprdproduct
17720,gprdproduct
12440,gprdproduct
5330,gprdproduct
14438,gprdproduct
57556,gprdproduct
58078,gprdproduct
3287,gprdproduct
56067,gprdproduct
3203,gprdproduct
15031,gprdproduct
31219,gprdproduct
56536,gprdproduct
41592,gprdproduct
41660,gprdproduct
58224,gprdproduct
52970,gprdproduct
2142,gprdproduct
5416,gprdproduct
47804,gprdproduct
22658,gprdproduct
30965,gprdproduct
20652,gprdproduct
7066,gprdproduct
40738,gprdproduct
40190,gprdproduct
12226,gprdproduct
15341,gprdproduct
2788,gprdproduct
15488,gprdproduct
29427,gprdproduct
348,gprdproduct
1251,gprdproduct
3293,gprdproduct
3548,gprdproduct
32002,gprdproduct
12354,gprdproduct
30519,gprdproduct
3050,gprdproduct
15127,gprdproduct
4960,gprdproduct
7952,gprdproduct
16161,gprdproduct
14870,gprdproduct
60660,gprdproduct
6160,gprdproduct
17561,gprdproduct
21849,gprdproduct
18716,gprdproduct
52900,gprdproduct
32277,gprdproduct
36519,gprdproduct
13363,gprdproduct
17902,gprdproduct
17950,gprdproduct
47687,gprdproduct
29397,gprdproduct
8891,gprdproduct
3054,gprdproduct
3997,gprdproduct
40247,gprdproduct
46116,gprdproduct
562,gprdproduct
24189,gprdproduct
24190,gprdproduct
16531,gprdproduct
10251,gprdproduct
2001,gprdproduct
1297,gprdproduct
18983,gprdproduct
22839,gprdproduct
29694,gprdproduct
14144,gprdproduct
18096,gprdproduct
52145,gprdproduct
8673,gprdproduct
47616,gprdproduct
11448,gprdproduct
35481,gprdproduct
11469,gprdproduct
19300,gprdproduct
37710,gprdproduct
6786,gprdproduct
21025,gprdproduct
13435,gprdproduct
24835,gprdproduct
13526,gprdproduct
21873,gprdproduct
46715,gprdproduct
1125,gprdproduct
21867,gprdproduct
21803,gprdproduct
26741,gprdproduct
24280,gprdproduct
29696,gprdproduct
30272,gprdproduct
7740,gprdproduct
38889,gprdproduct
18202,gprdproduct
17689,gprdproduct
54643,gprdproduct
6794,gprdproduct
48098,gprdproduct